{"table": "A", "currency": "frank szwajcarski", "code": "CHF", "rates": [{"no": "226/A/NBP/2022", "effectiveDate": "2022-11-23", "mid": 4.7807}, {"no": "227/A/NBP/2022", "effectiveDate": "2022-11-24", "mid": 4.7808}, {"no": "228/A/NBP/2022", "effectiveDate": "2022-11-25", "mid": 4.7729}, {"no": "229/A/NBP/2022", "effectiveDate": "2022-11-28", "mid": 4.7555}, {"no": "230/A/NBP/2022", "effectiveDate": "2022-11-29", "mid": 4.7449}, {"no": "231/A/NBP/2022", "effectiveDate": "2022-11-30", "mid": 4.7421}, {"no": "232/A/NBP/2022", "effectiveDate": "2022-12-01", "mid": 4.758}, {"no": "233/A/NBP/2022", "effectiveDate": "2022-12-02", "mid": 4.7576}, {"no": "234/A/NBP/2022", "effectiveDate": "2022-12-05", "mid": 4.7542}, {"no": "235/A/NBP/2022", "effectiveDate": "2022-12-06", "mid": 4.7472}]}